[{"name":"Papel","similarities":{"Colonia":30,"Peine":20},"listName":"Supermercado","user":"test"},{"name":"Donut","similarities":{"Tomate":10,"Zanahoria":10,"Juguete":60},"listName":"Supermercado","user":"test"},{"name":"Juguete","similarities":{"Donut":60,"Chicle":30,"Peine":10},"listName":"Supermercado","user":"test"},{"name":"Peine","similarities":{"Papel":20,"Colonia":70,"Juguete":10},"listName":"Supermercado","user":"test"},{"name":"Tomate","similarities":{"Donut":10,"Cebolla":90,"Colonia":-1,"Chicle":-1,"Zanahoria":70},"listName":"Supermercado","user":"test"},{"name":"Zanahoria","similarities":{"Donut":10,"Tomate":70,"Cebolla":80,"Colonia":-1,"Chicle":-1},"listName":"Supermercado","user":"test"},{"name":"Chicle","similarities":{"Tomate":-1,"Cebolla":-1,"Juguete":30,"Zanahoria":-1},"listName":"Supermercado","user":"test"},{"name":"Colonia","similarities":{"Papel":30,"Tomate":-1,"Cebolla":-1,"Zanahoria":-1,"Peine":70},"listName":"Supermercado","user":"test"},{"name":"Cebolla","similarities":{"Tomate":90,"Colonia":-1,"Chicle":-1,"Zanahoria":80},"listName":"Supermercado","user":"test"}]